id,имя,орден,тип сета,цикл,класс,стихия,раса,редкость,получение,максимум доблести,строка витрины
h01_1,Ильмерра,Хранители Песочных Часов,братство,1,лекарь,Воздух,Эльфы,древняя,братство,3,"Она слушала песок и знала, чей он"
h01_2,Гарт Нишевой,Хранители Песочных Часов,братство,1,танк,Земля,Дворфы,эпическая,братство,4,Он первым поставил мёртвого в нишу стоя — лицом к работе
h01_3,Хравн Сборщик,Хранители Песочных Часов,братство,1,физ ДД ловкости,Огонь,Люди,эпическая,братство,3,После каждой битвы он собирал часы павших и нёс их домой
h01_4,Мирт Переписчик,Хранители Песочных Часов,братство,1,дебаффер,Вода,Люди,уникальная,братство,3,"Тела перестали рассыпаться. Он стал записывать, кем они были"
h01_5,Лаэйра,Хранители Песочных Часов,братство,1,маг ДД,Время,Эльфы,редкая,братство,2,"Последняя хранительница. Часы в её зале пусты, и она всё равно их переворачивает"
h02_1,Нуаэль Странница,Орден Пыльной Тропы,орден,1,лекарь,Воздух,Эльфы,редкая,золото,4,За десять лет дороги она не потеряла ни одного попутчика
h02_2,Елиас,Орден Пыльной Тропы,орден,1,физ ДД ловкости,Воздух,Люди,редкая,золото,5,Десять тысяч вёрст дороги учат бить без промаха
h02_3,Торбин Мешок,Орден Пыльной Тропы,орден,1,танк,Земля,Дворфы,обычная,золото,3,Тридцать лет носил пустой карст мешками. Однажды понёс на себе живого
h02_4,Мирель из Гавани,Орден Пыльной Тропы,орден,1,дебаффер,Вода,Люди,обычная,золото,2,Девочку из гавани однажды вылечили и больше не отпускали одну
h02_5,Ветверог,Орден Пыльной Тропы,орден,1,физ ДД силы / танк,Воздух,Звери,эпическая,сборный,1,"Зверь Алаэля, который выбрал дорогу сам"
h03_1,Рагна Полугрош,Орден Расколотого Гроша,орден,1,физ ДД силы,Огонь,Люди,уникальная,золото,3,Она несла кошель со вторыми половинами. Отдать их было некому
h03_2,Ойстен Лоцман,Орден Расколотого Гроша,орден,1,фармящий,Вода,Люди,уникальная,золото,2,"Лоцман знает, где мель, где течение и где лежит чужое добро"
h03_3,Бранн Изгнанник,Орден Расколотого Гроша,орден,1,танк,Земля,Дворфы,редкая,золото,3,Дворф без горы — никто. Поэтому он был лучшим наёмником севера
h03_4,Тавиэль Невидимая,Орден Расколотого Гроша,орден,1,физ ДД ловкости,Воздух,Эльфы,уникальная,золото,4,Она шла рядом с чужаками с первого шага. Они не увидели её ни разу
h03_5,Ильва Смотрящая,Орден Расколотого Гроша,орден,1,дебаффер / лекарь,Воздух,Эльфы,эпическая,сборный,3,"Она смотрела глазами цапли и видела, как к лесу идут корабли"
h04_1,Ойвин Должник,Орден Стёртых Ступеней,орден,1,физ ДД силы,Земля,Люди,обычная,золото,5,Он знал ступени под Эндалором по счёту. Вниз ведёт каждая
h04_2,Самир Недоучка,Орден Стёртых Ступеней,орден,1,маг ДД,Огонь,Люди,редкая,золото,3,Эндалор выучил его наполовину и отправил вниз
h04_3,Хальдис Клеть,Орден Стёртых Ступеней,орден,1,танк,Земля,Дворфы,редкая,золото,3,"Полвека у клети. Знала всех, кто спускался, и не всех, кто поднимался"
h04_4,Ильсар Слышащий,Орден Стёртых Ступеней,орден,1,дебаффер,Время,Эльфы,обычная,золото,2,"Ученик Времени. Слышал камень, который светится изнутри"
h04_5,Оррин Напев,Орден Стёртых Ступеней,орден,1,лекарь / дебаффер,Свет,Люди,уникальная,сборный,2,"Узник, который пел над живыми то, что поют над мёртвыми"
h05_1,Эавин Резчица,Орден Ключарей Ремесла,орден,1,физ ДД ловкости,Воздух,Эльфы,уникальная,золото,3,Она резала луки из живого дерева и не убила ни одного
h05_2,Дорн Вечный Подмастерье,Орден Ключарей Ремесла,орден,1,физ ДД силы,Огонь,Дворфы,обычная,золото,5,"Его водили по всем цехам, и везде он был хорош. Поэтому мастером не стал нигде"
h05_3,Одилия Штопальщица,Орден Ключарей Ремесла,орден,1,лекарь,Вода,Люди,редкая,золото,3,"Она штопала паруса, пока однажды не пришлось штопать людей"
h05_4,Сверр Мехоноша,Орден Ключарей Ремесла,орден,1,маг ДД,Огонь,Люди,редкая,золото,2,"Он держал огонь дыханием, и огонь его слушал"
h05_5,Оэлис Снимающая,Орден Ключарей Ремесла,орден,1,дебаффер / маг ДД,Время,Забытые,древняя,сборный,2,Её народ умел снимать с вещей годы. С людей — не умел
h06_1,Брокк Первый Ключ,Ключники Безвременья,братство,2,танк,Земля,Дворфы,древняя,братство,3,"Он повернул первый ключ, и город ушёл в небо"
h06_2,Ульва Смазчица,Ключники Безвременья,братство,2,лекарь,Земля,Дворфы,редкая,братство,3,"Смазывает шестерни и перевязывает руки, которые их держат"
h06_3,Торгрим Шестерня,Ключники Безвременья,братство,2,физ ДД силы,Огонь,Дворфы,уникальная,братство,3,"Девять дней он ковал шестерню, а город каждый день опускался на палец"
h06_4,Кассиан,Ключники Безвременья,братство,2,маг ДД,Время,Люди,уникальная,братство,1,"Единственный маг, которому бригада дала ключ"
h06_5,Дагна Тишина,Ключники Безвременья,братство,2,дебаффер,Время,Дворфы,эпическая,братство,5,"Мир на миг встал. У неё в руке был ключ, и она не отпустила"
h07_1,Гримса Гудок,Орден Долгого Дыхания,орден,2,дебаффер,Земля,Дворфы,обычная,золото,3,Шестьдесят лет она давала гудок. Ни разу не опоздала
h07_2,Хальдур Под Завалом,Орден Долгого Дыхания,орден,2,танк / лекарь,Земля,Дворфы,эпическая,сборный,4,Пять суток под завалом. Он дышал медленно и считал
h07_3,Рунна Литейщица,Орден Долгого Дыхания,орден,2,маг ДД,Огонь,Дворфы,редкая,золото,3,"Литьё не терпит спешки: вдох, пауза, струя"
h07_4,Кэалин,Орден Долгого Дыхания,орден,2,лекарь / дебаффер,Воздух,Эльфы,уникальная,сборный,2,Эльф в горе дворфов. Учил рудокопов дышать
h07_5,Эйвинд Ученик Горна,Орден Долгого Дыхания,орден,2,физ ДД силы,Огонь,Люди,редкая,золото,3,Север уважает дворфов больше всех. Он пришёл к ним учиться
h08_1,Кельд Оценщик,Орден Молчаливых Ключей,орден,2,дебаффер,Земля,Дворфы,уникальная,золото,5,"Он называл цену знанию. Чаще всего цена была — ""это у нас есть"""
h08_2,Ансельм Девятый,Орден Молчаливых Ключей,орден,2,маг ДД,Вода,Люди,обычная,золото,3,"Девять раз он приносил знание, и девять раз его уже знали"
h08_3,Фаэлин Упрямая,Орден Молчаливых Ключей,орден,2,лекарь / физ ДД ловкости,Воздух,Эльфы,уникальная,сборный,1,Шестьдесят лет она приходила к воротам дворфов. Каждый год
h08_4,Руммат Без Горы,Орден Молчаливых Ключей,орден,2,танк,Земля,Дворфы,редкая,золото,3,Изгнанный дворф стоял у ворот как чужак и просил взять с него пошлину
h08_5,Хорса Взломщица,Орден Молчаливых Ключей,орден,2,физ ДД ловкости / дебаффер,Огонь,Люди,эпическая,сборный,3,Она вошла в гору без платы. Выйти так же не вышло
h09_1,Бера Свечница,Орден Погребальных Свеч,орден,2,лекарь,Земля,Дворфы,редкая,золото,3,"Она зажигала свечи мёртвым, которые стоят лицом к работе"
h09_2,Горм Факельщик,Орден Погребальных Свеч,орден,2,танк,Огонь,Дворфы,обычная,золото,4,Дворфы не жгут своих мёртвых. Однажды ему пришлось
h09_3,Назир Пепельный,Орден Погребальных Свеч,орден,2,маг ДД,Огонь,Люди,уникальная,золото,2,"Маг Огня, который провожал мёртвых Эндалора. Потом его позвали дворфы"
h09_4,Элоиза Марен,Орден Погребальных Свеч,орден,2,дебаффер,Вода,Люди,редкая,золото,3,В склепах запада к каждому мёртвому приложена запись. Она их читала
h09_5,Корвин Перевозчик,Орден Погребальных Свеч,орден,2,физ ДД силы / дебаффер,Тьма,Люди,уникальная,сборный,3,"Он возил в гору то, что в горе покупают молча"
h10_1,Тора Ловчая,Орден Пустых Сетей,орден,2,дебаффер,Земля,Дворфы,редкая,золото,3,Сорок лет она ставила сети на одну зверицу. Однажды сеть закрылась
h10_2,Бастиан Ольт,Орден Пустых Сетей,орден,2,физ ДД ловкости,Воздух,Люди,обычная,золото,3,"Охотник с запада. Его наняли на одного зверя, а вышло — на всю жизнь"
h10_3,Орм Витринщик,Орден Пустых Сетей,орден,2,маг ДД,Земля,Дворфы,уникальная,золото,2,Он держал для зверицы место на витрине сорок лет
h10_4,Бьяр Щит,Орден Пустых Сетей,орден,2,танк,Огонь,Люди,редкая,золото,2,"Он бил тварей в упор и отказался стрелять в ту, что смотрела ему в глаза"
h10_5,"Та, что уходит",Орден Пустых Сетей,орден,2,физ ДД ловкости / дебаффер,Воздух,Звери,эпическая,сборный,5,"Её ловили сорок лет. Она уходила, пока сама не решила прийти"
h11_1,Энно,Наречённые Иридиум,братство,3,танк,Земля,Забытые,вневременная,братство,3,У него была младшая сестра. Однажды она перестала расти
h11_2,Хьяльти Горящий,Наречённые Иридиум,братство,3,физ ДД силы,Огонь,Люди,уникальная,братство,3,"Он победил и умер после боя, в постели. За стол бога так не садятся"
h11_3,Вевея Повитуха,Наречённые Иридиум,братство,3,лекарь,Вода,Люди,эпическая,братство,4,"Одними руками встречала и провожала. Говорила, что это одна дверь"
h11_4,Аэрис Тетива,Наречённые Иридиум,братство,3,физ ДД ловкости,Воздух,Эльфы,древняя,братство,2,"Он спросил, как туда попадёт песок. Ему ответили: ""Песок — нет. Ты — да"""
h11_5,Хильда Мёртвой Жилы,Наречённые Иридиум,братство,3,дебаффер,Тьма,Дворфы,уникальная,братство,3,"Она нашла жилу, где камень не светится. Потом он засветился фиолетовым"
h12_1,Сеймур,Орден Багровой Арены,орден,3,танк / физ ДД силы,Огонь,Люди,первородная,сборный,5,Песок Арены носит его имя. Он первым на нём упал
h12_2,Хедда Третья,Орден Багровой Арены,орден,3,физ ДД силы,Огонь,Люди,редкая,золото,3,"Она вызвала Крога на престол, упала — и встала ярлом"
h12_3,Торд Двуручный,Орден Багровой Арены,орден,3,физ ДД ловкости,Огонь,Люди,обычная,золото,1,Своего клинка у него не было. На песок он вышел с двумя чужими
h12_4,Асвейг Прижигающая,Орден Багровой Арены,орден,3,лекарь,Огонь,Люди,редкая,золото,3,"Раны после неё не гниют. Её боялись больше, чем противника"
h12_5,Клеймёный,Орден Багровой Арены,орден,3,физ ДД силы / танк,Земля,Звери,эпическая,сборный,3,Зверь из клеток под Ареной. Двадцать сезонов на песке
h13_1,Жером Каск,Орден Спящих Караванов,орден,3,фармящий,Вода,Люди,уникальная,золото,4,Купец уснул на одну ночь. Проснулся — а проценты шли три года
h13_2,Свейн Опоздавший,Орден Спящих Караванов,орден,3,танк,Огонь,Люди,редкая,золото,3,Он должен был вернуться к сезону. Вернулся через три
h13_3,Брам Колесо,Орден Спящих Караванов,орден,3,дебаффер,Земля,Дворфы,обычная,золото,3,Дворф опоздал на три года. В горе это хуже смерти
h13_4,Иэвель,Орден Спящих Караванов,орден,3,лекарь,Воздух,Эльфы,редкая,золото,2,Она проснулась первой и будила остальных по одному
h13_5,Мерет Проводница,Орден Спящих Караванов,орден,3,маг ДД / дебаффер,Время,Люди,эпическая,сборный,3,Она предупредила: у зелёной жилы не спать. И уснула первой
h14_1,Марта Большой Обод,Снявшие Обод,братство,4,танк,Вода,Люди,редкая,братство,4,Тридцать лет отрабатывала наследственное кольцо — и осталась в гавани старшиной
h14_2,Тибо Выкупленный,Снявшие Обод,братство,4,физ ДД ловкости,Воздух,Люди,уникальная,братство,3,"Его выкупил незнакомец. Всю жизнь Тибо искал, кому отдать долг"
h14_3,Нелли Прощённая,Снявшие Обод,братство,4,лекарь,Вода,Эльфы,уникальная,братство,3,Эльфийка в долговом ободе. Гавань видела такое один раз
h14_4,Габор Помилованный,Снявшие Обод,братство,4,физ ДД силы,Земля,Дворфы,эпическая,братство,3,Государь снял с него обод даром. Дворф подарков не принимает — и отработал его заново
h14_5,Йорен Сорок Зим,Снявшие Обод,братство,4,маг ДД,Вода,Люди,редкая,братство,2,Его обод погас сам. Закон сказал: свободен. Город сказал: так не бывает
h15_1,Одетт Брем,Орден Слепых Ставок,орден,4,фармящий,Вода,Люди,эпическая,золото,3,"Она страховала корабли, которых никогда не видела"
h15_2,Бертран Штормовой,Орден Слепых Ставок,орден,4,танк,Вода,Люди,уникальная,золото,5,Его корабль год числили пропавшим. Он привёл его в гавань сам
h15_3,Кейн Кость,Орден Слепых Ставок,орден,4,физ ДД ловкости,Воздух,Люди,обычная,золото,3,Скреплённый поставил на корабль свою свободу. И выиграл
h15_4,Сигрун Весы,Орден Слепых Ставок,орден,4,дебаффер,Земля,Дворфы,редкая,золото,1,Она считала шансы и не ошибалась. Однажды ошиблась — и была рада
h15_5,Ишмаэ,Орден Слепых Ставок,орден,4,маг ДД / дебаффер,Время,Забытые,вневременная,сборный,3,Её народ решал всё броском кости. Последний бросок решил за него
h16_1,Лоран Вест,Орден Равного Суда,орден,4,дебаффер,Вода,Люди,уникальная,золото,5,Честный судья. Его приговор подписал сам государь
h16_2,Мерун Старший,Орден Равного Суда,орден,4,танк / дебаффер,Земля,Люди,первородная,сборный,3,"К нему пришли, потому что он был старше и ни в чём не заинтересован"
h16_3,Бальдур Честный,Орден Равного Суда,орден,4,физ ДД силы,Вода,Дворфы,редкая,золото,3,"Из гавани в Гвардию поднимаются за ""честь Армонта"". Он поднялся"
h16_4,Ида Писарь,Орден Равного Суда,орден,4,маг ДД,Воздух,Эльфы,обычная,золото,1,Писарь Палаты. Каждый приговор она писала дважды — так положено
h16_5,Сабина Круга,Орден Равного Суда,орден,4,лекарь / дебаффер,Свет,Люди,уникальная,сборный,3,"Проповедница, которую один судья выслушал до конца"
h17_1,Аврелия Чутьё,Собиратели Осколков,братство,5,дебаффер,Время,Люди,эпическая,братство,4,"Она услышала жилу с неба, раньше, чем кто-то на земле"
h17_2,Тавиан Жила,Собиратели Осколков,братство,5,маг ДД,Время,Люди,уникальная,братство,3,"Он нашёл самый большой осколок в истории шахты. И спросил, откуда в нём заряд"
h17_3,Нимаэль,Собиратели Осколков,братство,5,лекарь,Время,Эльфы,редкая,братство,3,"Эльфийка-лекарь школы Времени. Лечила тех, кто спустился слишком глубоко"
h17_4,Хальвдан,Собиратели Осколков,братство,5,танк,Земля,Дворфы,уникальная,братство,2,Дворфу не положено слышать Энериум. Он слышал
h17_5,Саэлис Последний в Списке,Собиратели Осколков,братство,5,физ ДД ловкости,Время,Эльфы,редкая,братство,3,Последнее имя на стене искателей. Камня он нашёл меньше всех
h18_1,Ялен Отмеченный,Орден Немых Свидетелей,орден,5,дебаффер / лекарь,Время,Люди,первородная,сборный,1,На него посмотрел бог. Он выдержал не всё
h18_2,Лиор Вернувшийся,Орден Немых Свидетелей,орден,5,маг ДД,Огонь,Люди,редкая,золото,5,Раз в поколение студент лезет в заброшенный квартал на спор. Он вернулся
h18_3,Гедда Оцепление,Орден Немых Свидетелей,орден,5,танк,Вода,Люди,обычная,золото,3,"Тридцать лет у оцепления. Стража стережёт не тварь, а дураков"
h18_4,Фрор Молчун,Орден Немых Свидетелей,орден,5,физ ДД силы,Земля,Дворфы,уникальная,золото,3,"Он дежурил у портала в ночь, о которой в Эндалоре спрашивать неприлично"
h18_5,Оделия Дважды,Орден Немых Свидетелей,орден,5,лекарь / маг ДД,Воздух,Эльфы,эпическая,сборный,3,"В день, который прожили дважды, она одна заметила, что живёт его второй раз"
h19_1,Сайра Вихрь,Орден Тысячи Птиц,орден,5,маг ДД,Воздух,Люди,эпическая,золото,5,"Её удар звучал, как тысяча птиц, взлетевших разом"
h19_2,Таэль Тысяча Глаз,Орден Тысячи Птиц,орден,5,дебаффер / лекарь,Воздух,Эльфы,древняя,сборный,2,Смотрящий однажды взглянул глазами целой стаи. После этого он не мог смотреть глазами одной птицы
h19_3,Орест Громовой,Орден Тысячи Птиц,орден,5,физ ДД силы / маг ДД,Воздух,Люди,уникальная,сборный,3,"Воин-маг: в одной руке меч, в другой перчатка. Проиграл один Довод — и признал это вслух"
h19_4,Мийэль Перо,Орден Тысячи Птиц,орден,5,физ ДД ловкости,Воздух,Эльфы,редкая,золото,3,Перчатку учительницы она надеть не смогла. Стаю вложила в стрелы
h19_5,Тогга Перчаточник,Орден Тысячи Птиц,орден,5,танк,Земля,Дворфы,редкая,золото,2,Он делал перчатки магам. Три одинаковых камня поставил только однажды
h20_1,Ведна Счётная Кость,Орден Костяного Счёта,орден,5,физ ДД ловкости / дебаффер,Воздух,Эльфы,эпическая,сборный,3,Она вела счёт на кости. Зарубок не хватило
h20_2,Гуннар Нижняя Палуба,Орден Костяного Счёта,орден,5,танк,Земля,Дворфы,эпическая,золото,5,Бригада подняла город в небо. Он остался внизу держать ворота
h20_3,Сигурд у Ворот,Орден Костяного Счёта,орден,5,физ ДД силы,Огонь,Люди,эпическая,золото,3,"Он увидел вспышку и засмеялся: решил, что это Кэрон идёт драться"
h20_4,Эдмонд Щит Запада,Орден Костяного Счёта,орден,5,лекарь,Вода,Люди,эпическая,золото,1,"Лекарь со щитом: одной рукой держал, другой лечил"
h20_5,Ассия Оставшаяся,Орден Костяного Счёта,орден,5,маг ДД / дебаффер,Время,Люди,древняя,сборный,3,"Когда город поднялся, она осталась внизу и замедлила тех, кто шёл к воротам"
h21_1,Ур-Анаш,Орден Последних Вздохов,орден,5,дебаффер,Земля,Забытые,эпическая,золото,3,"Последний писец народа, который записывал всё. Записать себя он не успел"
h21_2,Кетту,Орден Последних Вздохов,орден,5,физ ДД ловкости,Воздух,Забытые,эпическая,золото,1,Последняя пастушка степного народа. Её последнее слово было свистом
h21_3,Оссирь,Орден Последних Вздохов,орден,5,танк / лекарь,Вода,Забытые,вневременная,сборный,5,"Сорок лет он держал ворота, которые некому было открыть"
h21_4,Имменхет,Орден Последних Вздохов,орден,5,лекарь,Огонь,Забытые,эпическая,золото,3,"Её народ хранил огонь, который нельзя гасить. Они погасли вместе"
h21_5,Эа-Лин,Орден Последних Вздохов,орден,5,маг ДД / лекарь,Время,Забытые,вневременная,сборный,3,"Её народ считал время по звёздам, а не по часам в груди"
h22_1,Ирмина Вопрос,Причастные Этриону,братство,6,маг ДД,Свет,Люди,древняя,братство,3,"Она задала вопрос, на который в городе не было ответа"
h22_2,Кальдер Мена,Причастные Этриону,братство,6,танк,Тьма,Дворфы,эпическая,братство,3,Мир для дворфа — сделка. Лучшую он заключил у Башни
h22_3,Эльвар Тень Древа,Причастные Этриону,братство,6,физ ДД ловкости,Тьма,Эльфы,древняя,братство,3,"Он пришёл к Башне узнать, чем болен лес. И не вернулся рассказать"
h22_4,Мортен Помнящий,Причастные Этриону,братство,6,дебаффер,Свет,Люди,эпическая,братство,3,"Он помнил всё, что видел. Больше всего он хотел забыть"
h22_5,Хьёрдис,Причастные Этриону,братство,6,лекарь,Свет,Люди,первородная,братство,3,Она видела жнеца в рясе и не испугалась. Он запомнил
