id,имя,раса,класс,школа,редкость,цикл,источник,максимум доблести,из черновика,кто он,главы
c1-01,Хравн Сборщик,Люди,физ ДД ловкости,Огонь,обычная,I,"золото — обучение, 1-й",1,h01_3,"Северянин из дружины ярла до Схождения. После битвы проходил поле последним и собирал часы павших, пока их не засыпал песок, а потом разносил по домам.",Чужие ряды
c1-02,Гарт Нишевой,Дворфы,танк,Земля,обычная,I,"золото — обучение, 2-й",1,h01_2,"Дворф, хранивший в Кароксорре зал пустых часов. После года, когда тряхнуло, первым поставил мёртвого в нишу стоя — лицом к работе.",Своя мерка
c1-03,Лаэйра,Эльфы,маг ДД,Время,редкая,I,"золото — обучение, 3-й",1,h01_5,"Эльфийка школы Времени, последняя хранительница часов тех, кто ушёл песком. Переворачивала их по одному в день, чтобы стекло не забыло, как это делается.",Ни одной песчинки
c1-04,Ильмерра,Эльфы,лекарь,Воздух,уникальная,I,"золото — обучение, 4-й",1,h01_1,"Эльфийка, державшая до Схождения зал у корней Алаэля с часами тех, у кого не осталось родни. Различала часы по царапинам на стекле.",Свободный ряд
c1-05,Мирт Переписчик,Люди,дебаффер,Вода,редкая,I,"золото — обучение, 5-й",1,h01_4,"Хранитель с запада. Когда тела перестали рассыпаться, первым положил к мёртвому лист о его жизни.",Лист о себе
c1-06,Торбин Мешок,Дворфы,танк,Земля,обычная,I,золото,1,h02_3,"Тридцать лет носил пустой карст мешками до эльфийского аванпоста и ни разу не взял лишнего. Пошёл с лекаркой-странницей, решив, что это сделка.",Счёт не сошёлся
c1-07,Мирель из Гавани,Люди,контроль,Вода,обычная,I,золото,1,h02_4,"Девочка из гавани Лайтен-Гарда, которую выходила эльфийка-странница. Лечить не научилась — научилась держать: больного, зверя, врага.",Держать
c1-08,Рагна Полугрош,Люди,физ ДД силы,Огонь,уникальная,I,золото,1,h03_1,"Северянка с Нитриумом во втором клинке, одна из трёх на поколение. В походе на Алаэль несла кошель со вторыми половинами грошей для наёмников.",Рука на кошеле
c1-09,Бранн Изгнанник,Дворфы,танк,Земля,редкая,I,золото,1,h03_3,"Дворф, изгнанный из Стоун-Хейма за вынесенное лишнее, — лучший наёмник севера. В лесу первым понял, что тропа врёт.",Одно дерево
c1-10,Самир Недоучка,Люди,маг ДД,Огонь,редкая,I,золото,1,h04_2,"Студент огненного крыла Иллюзориума, отчисленный в тот же день, когда спустился туда, куда студентам хода нет. Отчисленному одна дорога — в шахту.",Три ступени
c1-11,Хальдис Клеть,Дворфы,танк,Земля,редкая,I,золото,1,h04_3,"Дворфийка из бригады Эндалора, полвека у клети над шахтой. Вела счёт, сколько ушло вниз утром и сколько вернулось вечером.",Противовес
c1-12,Ильсар Слышащий,Эльфы,дебаффер,Время,обычная,I,золото,1,h04_4,"Эльф — ученик Времени, слышал зелёный гул в породе лучше учителей. Спустился искать жилу, которую услышал под ступенью, и не поднялся.",Под ступенью
c1-13,Эавин Резчица,Эльфы,физ ДД ловкости,Воздух,уникальная,I,золото,1,h05_1,"Эльфийка, резавшая луки из живого дерева, не срубая его. Свой приём не отдала никому: лучше унести, чем оставить наполовину.",Последний лук
c1-14,Одилия Штопальщица,Люди,лекарь,Вода,редкая,I,золото,1,h05_3,"Штопала паруса в гавани Лайтен-Гарда, пока однажды не пришлось штопать людей. Шов у неё не расходился.",Игла в шве
c1-15,Сверр Мехоноша,Люди,маг ДД,Огонь,редкая,I,золото,1,h05_4,"Северянин, которого храм не взял ни в воины, ни в маги. Встал к мехам и держал огонь дыханием так, что Нитриум садился в клинок без трещины.",На вдохе
c1-16,Дорн Вечный Подмастерье,Дворфы,физ ДД силы,Огонь,обычная,I,золото,1,h05_2,"Дворф, которого брали во все цеха, поэтому мастером он не стал нигде. Доделывал чужую работу так, что мастер не находил шва.",Незаконченный клинок
c1-17,Нуаэль Странница,Эльфы,лекарь,Воздух,редкая,I,золото,1,h02_1,Эльфийка-странница: лечила на дорогах от юга до запада и каждый вечер пересчитывала попутчиков. За десять лет счёт ни разу не разошёлся.,Себя не посчитала
c1-18,Ойвин Должник,Люди,физ ДД силы,Земля,обычная,I,крафт,5,h04_1,"Должник с запада, выбравший отработку в шахте под Эндалором вместо скрепы. Знал ступени к забою по счёту; год отработки растянулся на двадцать.",Сошёл к шахте | Зарубка | Мальчишка с огнём | Песня снизу | На полпути
c1-19,Елиас,Люди,физ ДД ловкости,Воздух,редкая,I,крафт,5,h02_2,"Лучник без дома, охранявший караваны за еду. Получил от эльфийки-странницы свиток к Древу — и пошёл не к Древу, а за ней.","Лучник без дома | Дороги древних | Дом, который идёт | Зверь у костра | Свиток не развернул"
c1-20,Оррин Напев,Люди,лекарь / дебаффер,Свет,уникальная,I,крафт,2,h04_5,"Гробовщик с запада: первым в квартале сказал вслух, что хоронят больше, чем рождается. За это Палата отправила его в шахту под Эндалором.",Счёт не сходится | Строка
c2-01,Ойстен Лоцман,Люди,фармер,без стихии,уникальная,II,золото,1,h03_2,"Лоцман из Лайтен-Гарда, проведший северный флот вдоль западного берега к южной кромке Алаэля. Взял половину гроша вперёд; вторую ему так и не отдали.",Единственный долг
c2-02,Гримса Гудок,Дворфы,контроль,Земля,обычная,II,золото,1,h07_1,"Шестьдесят лет давала гудок смен в Стоун-Хейме и ни разу не опоздала. Молодым, уходившим ниже других, говорила: «Дыши, как Хальдур».",Лишний гудок
c2-03,Рунна Литейщица,Дворфы,маг ДД,Огонь,редкая,II,золото,1,h07_3,"Дворфийка-маг, выбравшая странное дважды: колдовала огнём, а не землёй, и работала им в литейной. Металл заливала на выдохе.",Последняя форма
c2-04,Эйвинд Ученик Горна,Люди,физ ДД силы,Огонь,редкая,II,золото,1,h07_5,"Северянин, прошедший все три экзамена и ушедший учиться к дворфам. Спустился ниже дозволенного горизонта за товарищем и вынес его.",Смена без него
c2-05,Ансельм Девятый,Люди,маг ДД,Вода,обычная,II,золото,1,h08_2,Писец с запада: девять раз приносил знание к воротам Библиотеки и девять раз слышал «это у нас есть». На десятый его впустили.,Десятый
c2-06,Руммат Без Горы,Дворфы,танк,Земля,редкая,II,золото,1,h08_4,"Изгнанный дворф, поселившийся у подножия Кароксорра. Каждый год просил взять с него пошлину, как с чужака, и держал дорогу к воротам.",Дорога
c2-07,Бера Свечница,Дворфы,лекарь,Земля,редкая,II,золото,1,h09_1,"Зажигала свечи мёртвым в нишах самой глубокой залы Кароксорра. Первой заметила, что пламя клонится вниз, к трещинам.",Последняя свеча
c2-08,Назир Пепельный,Люди,маг ДД,Огонь,уникальная,II,золото,1,h09_3,"Маг Огня Коллегии, провожавший мёртвых Эндалора с края города. Дворфы впервые позвали его учить своих держать огонь у ниш.",Чужие мёртвые
c2-09,Элоиза Марен,Люди,дебаффер,Вода,редкая,II,золото,1,h09_4,"Хранительница нижнего склепа под Храмовым холмом, читавшая записи мёртвых вслух по ночам. Однажды нашла у одного мёртвого две записи.",Дверь
c2-10,Тора Ловчая,Дворфы,дебаффер,Земля,редкая,II,золото,1,h10_1,"Ловчая Библиотеки: сорок лет ставила сети на одну серую зверицу. Когда сеть наконец закрылась, разрезала её.",Нож
c2-11,Бастиан Ольт,Люди,физ ДД ловкости,Воздух,обычная,II,золото,1,h10_2,"Охотник с запада, нанятый на один сезон поймать серую зверицу. Продлил контракт за свой счёт и понял, что изучают и его.",Последняя сеть
c2-12,Орм Витринщик,Дворфы,маг ДД,Земля,уникальная,II,золото,1,h10_3,Хранитель витрин верхнего яруса Библиотеки. Сорок лет держал табличку без зверя: «Серая. Живьём».,Лицом к витрине
c2-13,Бьяр Щит,Люди,танк,Огонь,редкая,II,золото,1,h10_4,"Северный наёмник, охранявший дворфских ловцов в опасных землях. Опустил клинок перед зверицей, которая не побоялась к нему подойти.",Не выстрелил
c2-14,Торгрим Шестерня,Дворфы,физ ДД силы,Огонь,уникальная,II,золото,1,h06_3,"Дворф из бригады Эндалора. В золотой век девять дней ковал шестерню прямо в нутре летучей машины, а город каждый день опускался на палец.",Стоя в нише
c2-15,Ульва Смазчица,Дворфы,лекарь,Земля,редкая,II,рулетка,2,h06_2,Смазчица дворфской бригады: масло для шестерён и бинт для рук носила в одной сумке. Её имя последним вписали в список ключников сердца машины.,Масло и бинт | Обведённая строка
c2-16,Тавиэль Невидимая,Эльфы,физ ДД ловкости,Воздух,уникальная,II,рулетка,3,h03_4,"Следопыт Алаэля, шесть дней шедшая рядом с северным десантом невидимой. Через много лет понесла на север кошель со вторыми половинами грошей.",Рядом | Чужие половины | Отдать долг
c2-17,Корвин Перевозчик,Люди,физ ДД силы / дебаффер,Тьма,уникальная,II,рулетка,3,h09_5,"Возил в Кароксорр фиолетовый камень, который в горе покупают молча. В ночь, когда в глубокой зале шагнули мёртвые, встал рядом со стражем.",Перевозчик | Не тот зал | Свеча наверх
c2-18,Ильва Смотрящая,Эльфы,дебаффер / лекарь,Воздух,эпическая,II,рулетка,3,h03_5,"Смотрящая Алаэля: глазами цапли первой увидела паруса северного флота и подняла лес, пока старшие спорили.",Глазами цапли | Поднять лес | Над тем же заливом
c2-19,Хорса Взломщица,Люди,физ ДД ловкости / дебаффер,Огонь,эпическая,II,рулетка,3,h08_5,"Взломщица с запада, открывавшая замки на дворфских чертежах. В гору вошла без платы — по трубе литейной, под гудок.",Замки на чертежах | Внутри | Вниз
c2-20,Брокк Первый Ключ,Дворфы,танк,Земля,древняя,II,рулетка,3,h06_1,"Дворф из бригады, двадцать лет клепавший машину под Эндалором, когда город ещё стоял на земле. Повернул первый ключ, и город ушёл в небо.",Машина на земле | Первый полёт | Кто остался внизу
c2-21,Ветверог,Звери,физ ДД силы / танк,Воздух,эпическая,II,Эхо: неделя зверей,1,h02_5,"Зверь Алаэля, которого никто не поднимал: сам вышел к костру странников и шёл с ними до конца.",У костра
c2-22,Фаэлин Упрямая,Эльфы,лекарь / физ ДД ловкости,Воздух,уникальная,II,Эхо: неделя дворфов,1,h08_3,"Эльфийка, шестьдесят лет приходившая к воротам дворфов с настоями Древа — каждый год. В последний раз пришла, чтобы вылечить оценщика.",Каждый год
c2-23,Кассиан,Люди,маг ДД,Время,уникальная,II,Эхо: неделя аппаратов,1,h06_4,"Маг Эндалора, пришедший слушать зелёный камень в сердце летучей машины. Единственный маг, которому дворфская бригада дала ключ.",Ключ мага
c2-24,Лиэн Старший Следопыт,Эльфы,физ ДД ловкости,Воздух,эпическая,II,Эхо: неделя людей,1,,"Старший следопыт Алаэля в год, когда север пришёл морем. Хотел искать и резать, но лес увёл десант раньше, чем он отдал приказ.",Лес решил сам
c2-25,Кнут Вышедший,Люди,физ ДД силы,Огонь,уникальная,II,Эхо: неделя эльфов,1,,"Северянин из десанта на Алаэль, единственный, кого лес выпустил. До конца жизни не рассказывал, как вышел, и не садился у костра из чужих дров.",Кромка
c2-26,Вестри Камнеслух,Дворфы,танк,Земля,эпическая,II,Эхо: неделя саганов,1,,"Рудокоп, слышавший, как в глубокой породе что-то думает. Однажды камень забоя двинулся сам, и Вестри держал его, пока не вывели всех.","Камень, который думал"
c2-27,Хьёр Знак,Люди,контроль,Огонь,уникальная,II,Эхо: неделя искажённых,1,,"Северянин, заваливший штольню, из которой перестали выходить люди, и поставивший над ней знак. Внутри до сих пор что-то есть.",Знак над штольней
c2-28,Ауд Перевязчица,Дворфы,лекарь,без стихии,уникальная,II,Эхо: неделя нежити,1,,"Лекарь гильдейской дружины Кароксорра. Перевязывала бойцов в глубоких залах, когда мёртвые вышли из ниш, — бинтом и молча.",Бинт и молот
c2-29,Ту-Арис Бродовая,Забытые,дебаффер,Вода,эпическая,II,Эхо: неделя Забытых,1,,"Дева бродов народа, жившего на реке, которой больше нет. Держала брод против соседей, пока соседи не стали такими же забытыми, как она.",Брод
c2-30,Кельд Оценщик,Дворфы,дебаффер,Земля,уникальная,II,крафт,5,h08_1,"Оценщик верхних ворот Стоун-Хейма: семьдесят лет взвешивал знание, как руду. После его смерти в описи нашли столбец, которого он никому не показывал.",Верхние ворота | Отказы | Кто пришёл без платы | Долг без записи | Столбец
c2-31,Дагна Тишина,Дворфы,дебаффер,Время,эпическая,II,крафт,5,h06_5,"Ключница сердца летучей машины, любившая тишину больше гудка. В день, который все прожили дважды, дважды не отпустила ключ.",Безвременье | Вспышка | Дважды | Не отпускай | Отпустила
c2-32,Хельга Печатница,Дворфы,контроль,Земля,уникальная,II,крафт,2,,Одна из немногих магов Земли в Стоун-Хейме: ставила печати на цеха и замки на чертежи. Её последний замок так никто и не открыл.,"Печать цеха | Замок, который не открыли"
c2-33,Безликий Весовщик,Забытые,фармер,без стихии,вневременная,II,"донат: сет II, 1-й",1,,"Торговец народа, которого больше нет: взвешивал соль на станциях дорог, что лучами сходятся к середине мира. Лица его не помнит никто, его меру — все, кто ходил после.",Мера соли
c2-34,Безликая Меняла,Забытые,фармер,без стихии,вневременная,II,"донат: сет II, 2-й",1,,"Меняла у колодцев древней дороги: бусы за воду, воду за соль. От неё осталась одна запись о сделке — и сделка в её пользу.",Бусы за воду
c2-35,Безликий Проводник,Забытые,фармер,без стихии,вневременная,II,"донат: сет II, 3-й",1,,"Водил караваны там, где дорога ещё не легла, и брал плату только на обратном пути. Обратно шли не все.","Дорога, которой нет"
c2-36,Безликая Скупщица,Забытые,фармер,без стихии,вневременная,II,"донат: сет II, 4-й",1,,"Скупала часы тех, кто ушёл песком, у родни, которой нечем было платить за хлеб. Каждые часы помнила по царапине, а своих не оставила.",Пустые часы
c2-37,Безликий Ключник,Забытые,фармер,без стихии,вневременная,II,"донат: сет II, 5-й",1,,"Держал ворота станции на древней дороге и продавал проход. Ключ нашли у него на шее, когда ворот уже не было.",Ключ от станции
c3-01,Хедда Третья,Люди,физ ДД силы,Огонь,редкая,III,золото,1,h12_2,"Северянка, третья в своём поколении, с камнем во втором клинке. Вызвала Крога на престол, упала — и вошла в совет сильнейших.",Клинок у очага
c3-02,Торд Двуручный,Люди,физ ДД ловкости,Огонь,обычная,III,золото,1,h12_3,Безымянный дружинник: выкованная им вещь треснула в огне. На песок вышел заключённым с двумя чужими топорами — и толпа дала ему имя.,Имя от толпы
c3-03,Асвейг Прижигающая,Люди,лекарь,Огонь,редкая,III,золото,1,h12_4,"Костоправ Арены: тридцать лет прижигала раны всем, кто падал на песок. После неё раны не гнили.",Себе
c3-04,Свейн Опоздавший,Люди,танк,Огонь,редкая,III,золото,1,h13_2,"Наёмник севера, нанявшийся охранять нитриумный обоз. Вернулся не к сезону, а через три года — и нашёл своё имя среди павших.",Живой
c3-05,Брам Колесо,Дворфы,дебаффер,Земля,обычная,III,золото,1,h13_3,"Дворф, отвечавший за колёса обоза. Опоздал на три года и не вернулся в гору: объяснять было нечего.",Колесо
c3-06,Иэвель,Эльфы,лекарь,Воздух,редкая,III,золото,1,h13_4,"Эльфийка из уснувшего каравана: проснулась первой и будила остальных по одному, каждого — трижды по имени.",Ни на день
c3-07,Гейрмунд Посох,Люди,маг ДД,Огонь,редкая,III,золото,1,,"Маг из магического крыла Храма Огня: вместо ковки — учёба, вместо боя — испытание огнём. Выходил на Арену против воинов, потому что против магии тоже надо где-то учиться.",Нитриум в посохе
c3-08,Тюр Сетевязальщик,Люди,контроль,Вода,обычная,III,золото,1,,"Рыбак с фьорда, не прошедший первый экзамен. Вязал сети, которыми брали и рыбу, и тех, кто приходил с моря без спроса.",Сеть в прилив
c3-09,Халльдора Меновщица,Люди,фармер,без стихии,редкая,III,золото,1,,"Торговала вдоль северного побережья: рыба и руда на юг, дерево и соль на север. Ярлы презирали купцов и жили на её деньги.",Долг ярла
c3-10,Ингвар Щитоносец,Люди,танк,Огонь,обычная,III,золото,1,,"Безымянный дружинник: прошёл первый экзамен, не прошёл второй, как две трети войска севера. Запомнили его потому, что щит он не опустил ни разу.",Строй без имён
c3-11,Бруни Кузнец,Люди,физ ДД силы,Огонь,редкая,III,золото,1,,"Кузнец квартала под Храмом Огня. Помогал подросткам ковать первое оружие ко второму экзамену, сам ковал только то, что потом не продают.",Чужое первое оружие
c3-12,Гунла Окалина,Дворфы,дебаффер,Земля,редкая,III,золото,1,,"Дворфийка-оружейница в кузнечном квартале Норден-Вильда. Клинки север куёт сам, а к ней ходили спросить, где у клинка тонко.",Где тонко
c3-13,Энно,Забытые,танк,Земля,вневременная,III,рулетка,3,h11_1,"Старший брат в обычной семье обычного края, чей народ давно забыт. В голодную зиму носил младшую сестру на спине и не замечал, что она не тяжелеет.","Младшая | Пора идти | Слова, которых он не знал"
c3-14,Вевея Повитуха,Люди,лекарь,Вода,эпическая,III,рулетка,3,h11_3,Повитуха при западной колыбели под Храмовым холмом. Пришлая лекарка научила её встречать и провожать одними руками.,Две стороны двери | Дважды | Та же лекарка
c3-15,Аэрис Тетива,Эльфы,физ ДД ловкости,Воздух,древняя,III,рулетка,2,h11_4,"Лучник молодого Алаэля, когда Древо ещё не доставало до облаков. Умирал до Схождения, зная, что рассыплется песком.",Молодой лес | Песок
c3-16,Хильда Мёртвой Жилы,Дворфы,дебаффер,Тьма,уникальная,III,рулетка,3,h11_5,"Рудознатица, находившая жилы по звуку. Нашла жилу, где камень не светится, — а потом он засветился фиолетовым.",Мёртвая жила | Лекарка | Над живыми
c3-17,Клеймёный,Звери,физ ДД силы / танк,Земля,эпическая,III,рулетка,3,h12_5,"Зверь, привезённый медвежонком с юга в клетки под Ареной. Двадцать сезонов не проигрывал на песке ни одному зверю.",Клетки | Вождь | Скала
c3-18,Мерет Проводница,Люди,маг ДД / дебаффер,Время,эпическая,III,рулетка,3,h13_5,"Маг Времени из Эндалора, водившая караваны через середину мира. Велела не спать у зелёной жилы — и уснула первой.",Проводница | Карта | Вернулась
c3-19,Хьяльти Горящий,Люди,физ ДД силы,Огонь,уникальная,III,Эхо: неделя людей,2,h11_2,"Северный берсерк с Нитриумом в клинке. Выиграл свой последний бой, не почувствовав ни одной раны, — расплата пришла ночью, разом.",Берсерк | Другая дорога
c3-20,Оэлис Снимающая,Забытые,дебаффер / маг ДД,Время,древняя,III,Эхо: неделя Забытых,2,h05_5,"Её народ жил раньше всех нынешних городов и умел снимать с вещей годы, слой за слоем. С людей — не умел.",Съёмщица | Последняя вещь
c3-21,Кэалин,Эльфы,лекарь / дебаффер,Воздух,уникальная,III,Эхо: неделя саганов,2,h07_4,"Эльф, приехавший в Кароксорр с обозом настоев и научивший рудокопов дышать в дурном воздухе. Прожил среди дворфов тридцать лет, чужой и нужный.",Настои и дыхание | Присказка
c3-22,Олав Два Молота,Люди,физ ДД силы,Огонь,эпическая,III,Эхо: неделя дворфов,2,,"Северянин, вышедший на песок против изгнанного дворфа-наёмника, которого не мог положить никто. Бились до падения — упал дворф.",Наёмник без горы | До падения
c3-23,Нарум Межевая,Забытые,лекарь,Земля,эпическая,III,Эхо: неделя эльфов,2,,"Лекарь степного народа, спорившего с молодым лесом за край равнины. Лес рос быстрее, чем его рубили, но у их межи остановился.",Межа | Лес остановился
c3-24,Хроальд Звероловец,Люди,физ ДД ловкости,Воздух,эпическая,III,Эхо: неделя зверей,2,,"Ловец, возивший зверей с юга для клеток под Ареной. Брал живьём тех, кого другие били издалека.",Клетка на корабле | Медвежонок с юга
c3-25,Эгиль Ломатель,Люди,контроль,Огонь,эпическая,III,Эхо: неделя аппаратов,2,,"Северный наёмник, которого нанимали против дворфских машин. Стрелять издалека считал трусостью и заклинивал шестерни руками.",Станина | Шестерня в руке
c3-26,Ульфа Без Разговоров,Люди,маг ДД,Огонь,эпическая,III,Эхо: неделя искажённых,2,,"Маг Огня с северных гор, где есть места, куда не ходят. Тех, кто выходил оттуда не таким, жгла сразу и без разговоров, как велит север.","Места, куда не ходят | Без разговоров"
c3-27,Ламберт Склепной,Люди,танк,Вода,уникальная,III,Эхо: неделя нежити,2,,"Стражник западных склепов под Храмовым холмом. Когда о глубоких залах дворфов заговорил весь мир, первым встал у нижней двери со щитом и молотом.",Нижняя дверь | Щит и молот
c3-28,Жером Каск,Люди,фармер,без стихии,уникальная,III,крафт,4,h13_1,"Купец, водивший нитриумные обозы с севера в Эндалор. Уснул на станции у середины мира на одну ночь, а проценты по его договорам шли три года.",Нитриумный обоз | Три года | Спящие места | Сидя
c3-29,Сольвейг Пропущенная,Люди,физ ДД силы,Огонь,эпическая,III,крафт,3,,"Северянка, проигравшая третий экзамен. Храм Огня всё равно вставил камень в её второй клинок и не объяснил почему.",Третий экзамен | Камень без объяснений | Ответ на песке
c3-30,Эдда Водоноска,Люди,лекарь,без стихии,обычная,III,крафт,1,,"Не прошла первый экзамен и всю жизнь носила воду на трибуны Арены. Поила упавших — и тех, кого вождь не добил.",Вода на песке
c3-31,Хавард Сборщик Дани,Люди,фармер,без стихии,вневременная,III,"донат: сет III, 1-й",2,,"Собирал дань с Арены: мир вёз на север споры, бойцов и ставки и платил золотом и карстом. Ярлы его презирали и ели с его руки.",Дань с песка | Последняя ставка
c3-32,Ранва Ключница Клеток,Люди,контроль,Огонь,вневременная,III,"донат: сет III, 2-й",2,,Держала ключи от клеток под Ареной: выпускала зверей на свет и загоняла обратно. Знала каждого зверя по голосу и ни одного не звала по имени.,Ход под песком | Открытая клетка
c3-33,Жрец Бранд,Люди,дебаффер,Огонь,вневременная,III,"донат: сет III, 3-й",2,,"Жрец Храма Огня, решавший, в чей клинок вставить камень. Иногда валил победившего и пропускал проигравшего — и никогда не объяснял.",Камень в клинок | Без объяснений
c3-34,Кетиль у Колыбели,Люди,танк,Огонь,вневременная,III,"донат: сет III, 4-й",2,,"Страж колыбели севера под Ареной. Над головой шёл бой, под ногами рождались дети, и он держал дверь между ними.",Под песком | Где рождаются
c3-35,Гудрид Повитуха,Люди,лекарь,Огонь,вневременная,III,"донат: сет III, 5-й",2,,"Принимала детей северян под Ареной — там же, где их отцы падали на песок. Говорила, что на севере рождаются и умирают под один и тот же крик.",Первый крик | Тишина над песком
c4-01,Кейн Кость,Люди,физ ДД ловкости,Воздух,обычная,IV,золото,1,h15_3,"Скреплённый с причала, поставивший на возвращение пропавшего корабля свою свободу. Корабль вернулся.",Кость без очков
c4-02,Сигрун Весы,Дворфы,дебаффер,Земля,редкая,IV,золото,1,h15_4,"Дворфийка из портового квартала, считавшая шансы для страховых домов. Оценила шанс пропавшего корабля в ноль — и впервые была рада ошибке.",Ошибка
c4-03,Бальдур Честный,Дворфы,физ ДД силы,Вода,редкая,IV,золото,1,h16_3,"Дворф из гавани, поднявшийся за «честь Армонта» до Гвардии печати. Через год после казни честного судьи сдал оружие: «Я охранял не то».",Не то
c4-04,Ида Писарь,Эльфы,маг ДД,Воздух,обычная,IV,золото,1,h16_4,"Эльфийка-писарь Палаты: каждый приговор писала дважды, как положено. Однажды написала оба раза одинаково — и такой работы ей больше не давали.",Слово в слово
c4-05,Госс Причальный,Люди,танк,без стихии,обычная,IV,золото,1,,"Грузчик из скреплённых: носил за троих, пока не снял тонкий обод. На таких, как он, стоит весь порт.",Тонкий обод
c4-06,Эльза Карантинная,Люди,лекарь,Вода,редкая,IV,золото,1,,"Лекарь гавани в год портовой лихорадки. Не пускала на берег ни одного корабля, пока не осмотрит всех, и спорила с вексельными домами о каждом дне простоя.",День простоя
c4-07,Пьер Клеймовщик,Люди,контроль,Вода,редкая,IV,золото,1,,"Мастер при храме Армонта, ставил клейма с крупицей Паладиума на двери, весы и бочки. Говорил, что клеймо держит не вещь, а слово.",Клеймо на весах
c4-08,Матильда Меняла,Люди,фармер,без стихии,уникальная,IV,золото,1,,"Меняла среднего яруса Лайтен-Гарда: меняла монету десяти стран и знала, кто кому должен, лучше Палаты.",Десять монет
c4-09,Юстина Волна,Люди,маг ДД,Вода,уникальная,IV,золото,1,,Маг Воды торгового флота. Гнала волну от бортов конвоя и ни разу не потеряла корабль на подходе к гавани.,Волна у борта
c4-10,Бруно Молот Конвоя,Люди,физ ДД силы,Вода,редкая,IV,золото,1,,"Боец торгового флота со щитом и молотом, как учат на западе. Держал абордаж, чтобы товар доходил.",Абордаж
c4-11,Сесиль Абордажница,Люди,физ ДД ловкости,Воздух,редкая,IV,золото,1,,"Первой перепрыгивала на чужую палубу, с двумя ножами и без щита. Говорила, что щит — для тех, кто стоит.",Чужая палуба
c4-12,Агата Сверщица,Люди,дебаффер,Вода,уникальная,IV,золото,1,,"Раз в год на празднике сверки читала городские книги при всём Лайтен-Гарде. Её голос знали лучше, чем голос государя.",Праздник сверки
c4-13,Арман Первый Старшина,Люди,танк,Вода,эпическая,IV,рулетка,3,,"Первый артельный старшина, которого выбрали сами скреплённые. С тех пор со старшинами считается даже стража.",Выборы у воды | Порт стоит | Старшина без обода
c4-14,Беатрис Кузнечиха Ободов,Люди,контроль,Вода,эпическая,IV,рулетка,3,,Мастер Паладиума при храме: сорок лет ковала браслеты скреплённым — паладиумовое ядро в энериумной оправе. Однажды сковала обод собственному сыну.,Паладиумовое ядро | Энериумная оправа | Обод сыну
c4-15,Мерсер Первый Вексель,Люди,фармер,без стихии,древняя,IV,рулетка,3,,Первым скрепил вексель Паладиумом — и весь мир стал кому-то должен в Лайтен-Гарде. Свой вексель так и не погасил.,"Первая скрепа | Весь мир в долгу | Долг, который не истёк"
c4-16,Аделаида у Колыбели,Люди,лекарь,Вода,эпическая,IV,рулетка,3,,"Жрица западной колыбели под Храмовым холмом: вела обряд, когда двое кладут руки на колыбель. Под старость колыбель отвечала ей всё реже.","Руки на колыбели | Молчание | Ответ, которого не было"
c4-17,Брунгильда Поручительница,Дворфы,дебаффер,Земля,редкая,IV,рулетка,2,,Дворфийка-поручитель из портового квартала: ручалась за чужаков перед горой. В людях не ошиблась ни разу — только в цене.,Ручательство | Цена человека
c4-18,Лисандр Контрабандист,Люди,физ ДД ловкости,Воздух,уникальная,IV,рулетка,2,,"Ходил мимо конвоев в туман у мыса, и конвой ни разу его не догнал. Догнала запись в книге Палаты.",Мимо конвоя | Скреплён
c4-19,Мерун Старший,Люди,танк / дебаффер,Земля,первородная,IV,Эхо: неделя людей,3,h16_2,"Старший в первой общине, к которому пришли, когда бог выслушал всех и ушёл. Вынес первый приговор в истории; его имени нет ни в одной книге мира.",Первое дело | Старший | Имя
c4-20,Сабина Круга,Люди,лекарь / дебаффер,Свет,уникальная,IV,Эхо: неделя нежити,3,h16_5,"Повитуха при западной колыбели, ставшая проповедницей: говорила вслух, что круг не цел. Судья выслушал её трижды и записал всё слово в слово.",Колыбель молчит | Свет | Выслушана
c4-21,Ишмаэ,Забытые,маг ДД / дебаффер,Время,вневременная,IV,Эхо: неделя Забытых,3,h15_5,"Бросающая кость у народа, решавшего всё жребием. Её бросок повёл дорогу к середине мира.",Жребий | Дорога к середине | Последний бросок
c4-22,Виттория Истица,Люди,дебаффер,Вода,эпическая,IV,Эхо: неделя дворфов,3,,"Единственная, кто выиграла у Стоун-Хейма дело в Палате: гора заплатила по приговору, который признают везде.","Иск к горе | Опись ненадёжных | Приговор, который признали"
c4-23,Клодия Межевая,Люди,танк,Земля,эпическая,IV,Эхо: неделя эльфов,3,,"Межевой судья запада, проводившая границу у аванпостов Алаэля. Эльфы уступили ей три рощи — единственный раз, о котором помнит Палата.","Межевой камень | Три рощи | Граница, которую не тронули"
c4-24,Лука Загонщик,Люди,контроль,без стихии,эпическая,IV,Эхо: неделя зверей,3,,"Загонщик с боен нижнего яруса. Однажды остановил на мосту взбесившееся стадо — один, с палкой, пока за спиной шёл праздник.",Бойни | Мост | Праздник за спиной
c4-25,Бенедетта Мастер Арок,Люди,маг ДД,Вода,древняя,IV,Эхо: неделя саганов,3,,"Мастер Паладиума, вправлявшая синий камень в замки арок над каналами. Однажды вода под аркой поднялась сама и заговорила — Бенедетта её усмирила.","Замок свода | Вода, которая говорила | Спокойная гавань"
c4-26,Ганс Шлюзовой,Люди,физ ДД силы,Вода,эпическая,IV,Эхо: неделя аппаратов,3,,"Смотритель дворфских подъёмных машин в гавани. Когда одна пошла вразнос с грузом над причалом, остановил её ломом и плечом.",Дворфская машина | Лом и плечо | Груз над причалом
c4-27,Жанна Гарпунщица,Люди,физ ДД ловкости,Воздух,эпическая,IV,Эхо: неделя искажённых,3,,"Китобой с западного берега. Выследила тварь, спустившуюся по реке от коронных выработок, и не дала ей дойти до гавани.",Верховья | Гарпун | Рукава реки
c4-28,Лоран Вест,Люди,дебаффер,Вода,уникальная,IV,крафт,5,h16_1,"Честный судья Палаты, которого показывали приезжим, как фонтан. Выслушивал стороны так долго, что они уставали врать.",Витрина | Этажом ниже | Выслушать еретичку | Две записи | Подпись
c4-29,Бертран Штормовой,Люди,танк,Вода,уникальная,IV,крафт,5,h15_2,"Капитан конвойного корабля «Незрячая». Год числился пропавшим, держал команду зимой на камнях и привёл корабль в гавань сам.",Конвой | Зима на камнях | Чужая ставка | Ставка на капитана | Последний туман
c4-30,Одетт Брем,Люди,фармер,без стихии,эпическая,IV,крафт,3,h15_1,"Страховщица среднего яруса Лайтен-Гарда, страховавшая корабли, которых никогда не видела. Выплатила за «Незрячую» всё до гроша — и не взяла назад.",Страховой дом | «Незрячая» | Не взяла назад
c4-31,Тибо Выкупленный,Люди,фармер,без стихии,вневременная,IV,"донат: сет IV, 1-й",3,h14_2,"Скреплённый, которого в шестнадцать лет выкупил незнакомец и ушёл, не назвав себя. Всю жизнь искал, кому отдать долг, и в каждом порту выкупал одного.",Выкуп со стороны | Долг без имени | Один за одного
c4-32,Марта Большой Обод,Люди,контроль,Вода,вневременная,IV,"донат: сет IV, 2-й",3,h14_1,Родилась у скреплённых с наследственным кольцом и стала артельной старшиной гавани. Выбила артели полдня отдыха — и порт впервые за сто лет полдня стоял.,Родилась с кольцом | Отработка | Порт встал сам
c4-33,Йорен Сорок Зим,Люди,дебаффер,Вода,вневременная,IV,"донат: сет IV, 3-й",3,h14_5,"Сорок зим прожил у воды с тонким ободом за отцовский долг. Однажды синий камень в ободе стал серым: закон сказал «свободен», город — «так не бывает».",Погас | Так не бывает | Арка над каналом
c4-34,Габор Помилованный,Дворфы,танк,Земля,вневременная,IV,"донат: сет IV, 4-й",3,h14_4,"Дворф, сам надевший обод, чтобы выкупить свою бригаду из кабального подряда. Рука государя сняла его даром — и он отработал подарок заново.",Дворф в ободе | Праздник сверки | Отработанный подарок
c4-35,Нелли Прощённая,Эльфы,лекарь,Вода,вневременная,IV,"донат: сет IV, 5-й",3,h14_3,"Эльфийка, взявшая в долг, чтобы лечить скреплённых в год лихорадки, и сама надевшая обод. Кредитор снял его при свидетелях, когда она вылечила его сына.",В долг | Милость кредитора | К корням
c5-01,Гедда Оцепление,Люди,танк,Вода,обычная,V,золото,1,h18_3,"Стражница у оцепления заброшенного квартала Эндалора: тридцать лет заворачивала студентов, лезших туда на спор. Одного не успела.",Тридцать первый год
c5-02,Фрор Молчун,Дворфы,физ ДД силы,Земля,уникальная,V,золото,1,h18_4,"Дворф из бригады, двадцать лет дежуривший ночами у площадки портала. Дежурил и в ночь, о которой в Эндалоре спрашивать неприлично.",Неприлично
c5-03,Мийэль Перо,Эльфы,физ ДД ловкости,Воздух,редкая,V,золото,1,h19_4,"Эльфийка, приехавшая в Эндалор по письму Древа учиться в крыле Воздуха. Перчатку учительницы надеть не смогла и вложила стаю в стрелы.",Стая над краем
c5-04,Тогга Перчаточник,Дворфы,танк,Земля,редкая,V,золото,1,h19_5,"Дворф из квартала Эндалора, делавший перчатки магам. Всегда советовал два камня и один — и лишь однажды поставил три одинаковых.",Однажды
c5-05,Сигурд у Ворот,Люди,физ ДД силы,Огонь,эпическая,V,золото,1,h20_3,"Северянин, стоявший у ворот Эндалора, когда город ещё был на земле, и оставшийся, когда город ушёл в небо. Увидел вспышку в середине мира и засмеялся: решил, что это Кэрон идёт драться.",Песок
c5-06,Эдмонд Щит Запада,Люди,лекарь,Вода,эпическая,V,золото,1,h20_4,"Лекарь с запада со щитом: одной рукой держал, другой лечил — у ворот Эндалора, когда все народы впервые встали вместе.",Щит и родник
c5-07,Ур-Анаш,Забытые,дебаффер,Земля,эпическая,V,золото,1,h21_1,"Последний писец народа, записывавшего всё на глиняных табличках. Своё имя начал писать, когда руки уже не слушались.",Недописанная
c5-08,Кетту,Забытые,физ ДД ловкости,Воздух,эпическая,V,золото,1,h21_2,"Последняя пастушка степного народа, говорившего свистом дальше, чем словами. Её последнее слово было свистом.",Последний свист
c5-09,Имменхет,Забытые,лекарь,Огонь,эпическая,V,золото,1,h21_4,"Жрица и лекарь народа, хранившего огонь в каменной чаше. Поняла, что не огонь держал их, а они — огонь.",Вместе
c5-10,Тавиан Жила,Люди,маг ДД,Время,уникальная,V,золото,1,h17_2,"Искатель Времени, нашедший в шахте самый большой осколок в её истории. Спросил на Доводе, откуда в камне заряд, — и проиграл спор.",Ниже дозволенного
c5-11,Нимаэль,Эльфы,лекарь,Время,редкая,V,золото,1,h17_3,"Эльфийка-лекарь школы Времени, лечившая искателей, которые спускались слишком глубоко. Её имя высекли на стене искателей, хотя камня она не искала.",Последний пациент
c5-12,Хальвдан,Дворфы,танк,Земля,уникальная,V,золото,1,h17_4,"Дворф из бригады, слышавший зелёный гул в породе, хотя дворфу это не положено. Единственный дворф в списке искателей на стене.",Свод
c5-13,Саэлис Последний в Списке,Эльфы,физ ДД ловкости,Время,редкая,V,золото,1,h17_5,"Последнее имя на стене искателей: камня нашёл меньше всех, спускался чаще всех. Из его записей вышла карта всей жилы.",Пустая строка
c5-14,Гвидо Разменщик,Люди,фармер,без стихии,редкая,V,золото,1,,"Торговец у площадки портала под Эндалором: брал пустой карст, отдавал по мене. Все, кто торговал с городом, проходили через его прилавок.",Прилавок у портала
c5-15,Олимпия Доводчица,Люди,контроль,Время,уникальная,V,золото,1,,"Судья Доводов в Эндалоре: следила, чтобы спор шёл по уговору и проигравший признал поражение вслух. Сама не проиграла ни одного, потому что ни разу не спорила.",Вслух
c5-16,Оделия Дважды,Эльфы,лекарь / маг ДД,Воздух,эпическая,V,рулетка,3,h18_5,"Эльфийка-лекарь с аванпоста Алаэля. В день, который прожили дважды, одна заметила, что живёт его второй раз, — и промолчала.",Вспышка | Второй раз | Второй день
c5-17,Таэль Тысяча Глаз,Эльфы,дебаффер / лекарь,Воздух,древняя,V,рулетка,2,h19_2,"Смотрящий Алаэля, однажды взглянувший глазами целой стаи. После этого глазами одной птицы он видел темно.",Стая | Показать
c5-18,Орест Громовой,Люди,физ ДД силы / маг ДД,Воздух,уникальная,V,рулетка,3,h19_3,"Воин-маг Эндалора: в одной руке меч, в другой перчатка. Проиграл один Довод — и признал это вслух.",Две руки | Вслух | Перчатка
c5-19,Ведна Счётная Кость,Эльфы,физ ДД ловкости / дебаффер,Воздух,эпическая,V,рулетка,3,h20_1,Эльфийская лучница у ворот Эндалора в первом союзе народов. Вела счёт убитых тварей зарубками на кости; зарубок не хватило.,Лучники юга | Город ушёл | Тишина
c5-20,Ассия Оставшаяся,Люди,маг ДД / дебаффер,Время,древняя,V,рулетка,3,h20_5,"Маг Времени, оставшаяся внизу, когда Эндалор поднялся. Замедляла тех, кто шёл к воротам, пока другие успевали их встретить.",Школа Времени | Осталась | Плата
c5-21,Эа-Лин,Забытые,маг ДД / лекарь,Время,вневременная,V,рулетка,3,h21_5,"Звездочёт народа, считавшего время по звёздам, а не по часам в груди. Прочла наперёд и свой срок, и срок своего народа.",Звездочёты | Своё | Сколько осталось
c5-22,Хальдур Под Завалом,Дворфы,танк / лекарь,Земля,эпическая,V,Эхо: неделя искажённых,4,h07_2,"Рудокоп Кароксорра, пять суток пролежавший под завалом в год, когда тряхнуло. Дышал медленно, считал удары и записывал всё на стене штрека.",Когда тряхнуло | Счёт | Запись | Другой рукой
c5-23,Горм Факельщик,Дворфы,танк,Огонь,уникальная,V,Эхо: неделя нежити,4,h09_2,"Страж самой глубокой залы Кароксорра: за спиной колыбель, впереди ниши с мёртвыми. В ночь, когда мёртвые шагнули из ниш, взял факел — для дворфа это позор.",Страж зала | Сквозняк | Огонь | Выжженный зал
c5-24,Северина Сорок Доводов,Люди,маг ДД,Огонь,древняя,V,Эхо: неделя людей,4,,"Маг огненного крыла, выигравшая сорок Доводов подряд у магов всех школ. Сорок первый спор она назначила самой себе.",Круг Довода | Сорок | Архив Доводов | Сорок первый
c5-25,Ханна Подрядчица,Люди,дебаффер,Время,эпическая,V,Эхо: неделя дворфов,4,,"Писец Коллегии, державшая договор с Кароксорром о бригаде: руда и руки наверх, Энериум вниз. В торге переспорила гору — единственный раз за век.",Подряд Кароксорра | Руда и руки | Энериум вниз | Переспорить гору
c5-26,Вивиан Воздушная,Люди,физ ДД ловкости,Воздух,древняя,V,Эхо: неделя эльфов,4,,"Лучница крыла Воздуха, вызвавшая на Довод эльфа-следопыта из Алаэля. Он стрелял лучше; она — дольше.","Лук, а не перчатка | Вызов | Следопыт | Дольше"
c5-27,Бастьен Голубятник,Люди,контроль,Воздух,эпическая,V,Эхо: неделя зверей,4,,"Держал голубятню на краю Эндалора: птицы — единственные звери, что долетают до города. Однажды к городу поднялась стая не из голубей, и он увёл её от крыш.",Голубятня на краю | Кто долетает | Чужая стая | Выше крыш
c5-28,Дезире Искательница,Люди,лекарь,Время,древняя,V,Эхо: неделя саганов,4,,"Искательница Времени, встретившая в глубине шахты песок, который двигался сам. Говорила с ним, как с больным, — и он отступил.","Шахта | Песок, который двигался | Разговор | Смена кончилась"
c5-29,Игнатий Опорный,Люди,танк,Время,эпическая,V,Эхо: неделя аппаратов,4,,"Маг, державший синие накопители в опорах под Эндалором вместе с дворфской бригадой. Когда опора пошла вразнос, держал её, пока дворфы меняли цепь.",Синие накопители | Опора | Цепь | Под городом
c5-30,Сет-Ану,Забытые,физ ДД силы,Земля,первородная,V,Эхо: неделя Забытых,4,,"Страж зала звёзд у народа, считавшего время по небу. Бился с соседями, которых теперь тоже никто не помнит.",Зал звёзд | Соседи | Последний дозор | Небо без счёта
c5-31,Сайра Вихрь,Люди,маг ДД,Воздух,эпическая,V,крафт,5,h19_1,"Маг крыла Воздуха, к двадцати годам не проигравшая ни одного Довода. Придумала удар, который звучал, как тысяча птиц, взлетевших разом.",Крыло Воздуха | Смотрящий | Тысяча птиц | Довод | Без перчатки
c5-32,Лиор Вернувшийся,Люди,маг ДД,Огонь,редкая,V,крафт,5,h18_2,"Студент огненного крыла, полезший на спор в заброшенный квартал Эндалора. Вышел утром седым в двадцать лет и полвека молчал о той ночи.",Спор | Ночь | Молчание | Бутылка | Одно слово
c5-33,Аврелия Чутьё,Люди,дебаффер,Время,эпическая,V,крафт,4,h17_1,"Маг Времени, первой услышавшая зелёный гул снизу, когда Эндалор ещё висел над старым местом. Её имя высечено на стене искателей первым.",Гул снизу | Над проломом | Первый осколок | По жиле вниз
c5-34,Кальдер Мена,Дворфы,фармер,без стихии,вневременная,V,"донат: сет V, 1-й",4,h22_2,"Дворф из квартала Эндалора, менявшийся с кристаллом у Башни чертёж за чертёж. Когда его позвали внутрь, спросил, что дают и что берут.",Равным за равное | Цена | Что дают и что берут | Лучшая сделка
c5-35,Мортен Помнящий,Люди,контроль,Свет,вневременная,V,"донат: сет V, 2-й",4,h22_4,"Писец с запада, помнивший каждую прочитанную строку и каждое лицо. Пришёл к кристаллу у Башни, чтобы отдать память, — и его позвали внутрь.",Память | Писец | Отдать | Забыл
c5-36,Ирмина Вопрос,Люди,дебаффер,Свет,вневременная,V,"донат: сет V, 3-й",4,h22_1,"Маг Иллюзориума, спросившая, откуда берётся свет, которого не даёт ни одна из пяти школ. В городе ответа не было; у Башни он нашёлся.",А что если | Суд за свет | Кристалл | Внутри дней нет
c5-37,Эльвар Тень Древа,Эльфы,танк,Тьма,вневременная,V,"донат: сет V, 4-й",4,h22_3,"Следопыт Алаэля, раньше храма увидевший, что лес слабеет. Пошёл к Башне узнать, чем болен лес, и не вернулся рассказать.",Лес | Триста лет | Кристалл | Не вернулся
c5-38,Хьёрдис,Люди,лекарь,Свет,вневременная,V,"донат: сет V, 5-й",4,h22_5,"Костоправ с севера из первого поколения. Встретила у колодца путника с косой, которого никто не встречал с радостью, и налила ему воды.",Костоправ | Жнец | Перекрёсток | Первой
c6-01,Роже Верёвка,Люди,физ ДД ловкости,Воздух,редкая,VI,золото,1,,"Спустился через портал Эндалора с отрядом в золотой век, когда многие уходили вниз и пропадали. Его верёвку нашли у портала — ровно обрезанной.",Верёвка у портала
c6-02,Изольда Карта Спуска,Люди,контроль,Время,уникальная,VI,золото,1,,"Маг Времени, чертившая карту Спуска по рассказам тех, кто вернулся. Вернувшихся было так мало, что карта уместилась на одном листе.",Один лист
c6-03,Хаук Носильщик,Люди,танк,без стихии,обычная,VI,золото,1,,"Носил поклажу отрядам, уходившим вниз, до первой площадки и обратно. За сорок лет ни разу не пошёл дальше — и пережил всех, кому носил.",Первая площадка
c6-04,Эрмина Свечница,Люди,фармер,без стихии,обычная,VI,золото,1,,"Продавала свечи у портала тем, кто уходил вниз. Считала, скольким продала, и скольким не пришлось продавать вторую.",Вторая свеча
c6-05,Базиль Могильщик,Люди,дебаффер,Тьма,редкая,VI,золото,1,,"Гробовщик с запада, ушедший к Прозревшим, когда счёт мёртвых перестал сходиться. Научился у них темноте, которая гасит чужую силу.",Счёт мёртвых
c6-06,Мира Трижды Отказанная,Люди,лекарь,Свет,уникальная,VI,золото,1,,"Жена, которой колыбель трижды не ответила. Пошла к Прозревшим спросить почему, и её научили лечить светом без платы.",Третий раз у колыбели
c6-07,Дагмар Рудознатица,Дворфы,маг ДД,Тьма,редкая,VI,золото,1,,"Рудознатица, нашедшая фиолетовый камень там, где его не должно быть. Пошла спросить, откуда он, — и ей ответили учением, а не словами.",Фиолетовая жила
c6-08,Эрик Недоученный,Люди,маг ДД,Огонь,обычная,VI,золото,1,,"Отчисленный из Эндалора: выучен наполовину и без права вернуться. Раз наверх нельзя, пошёл вниз.",Половина науки
c6-09,Сванхильд Дважды Спускавшаяся,Люди,физ ДД силы,Огонь,редкая,VI,золото,1,,"Северянка, спускавшаяся через портал дважды. После первого раза рассказывала о глиняных залах то же, что старики у огня; после второго рассказывать было некому.",Второй раз вниз
c6-10,Бодо Фонарщик,Дворфы,танк,Земля,редкая,VI,золото,1,,"Дворф из бригады, ставивший фонари в шахте до площадки портала. Дальше фонарей не ставили: дальше свет шёл из камня.",Последний фонарь
c6-11,Лиа со Свитком,Эльфы,лекарь,Воздух,редкая,VI,золото,1,,"Эльфийка-лекарь со свитком Древа. Ушла вниз с отрядом золотого века, потому что лекарь нужен там, куда идут дальше всех.",Дальше всех
c6-12,Вернер Список Ушедших,Люди,контроль,Вода,обычная,VI,золото,1,,"Писец у портала Эндалора: вносил в список каждого, кто уходил вниз, и вычёркивал вернувшихся. Вычёркивать приходилось редко.",Список у портала
c6-13,Амалия Вернувшаяся,Люди,физ ДД ловкости,Воздух,эпическая,VI,рулетка,3,,"Одна из немногих, кто спустился в первый зал под Эндалором и вернулся. Её рассказы о глиняных образцах пересказывают у огня до сих пор.",Портал | Первый зал | У огня
c6-14,Готфрид Отряд Сорока,Люди,танк,Земля,древняя,VI,рулетка,3,,Повёл вниз сорок человек в первые века золотого века. Портал выхода вернул наверх его одного — и он пошёл обратно за остальными.,Сорок | Портал выхода | За остальными
c6-15,Селеста Лампа,Люди,маг ДД,Время,уникальная,VI,рулетка,2,,"Искательница Времени, спустившаяся по жиле ниже дозволенного, туда, где камень чище всего. Её лампу нашли через год — горящей.",Чище всего | Лампа
c6-16,Ульрих Порох,Дворфы,физ ДД силы,Огонь,редкая,VI,рулетка,2,,"Дворф, решивший пробить дорогу вниз порохом через полости, что вскрылись в горе в год, когда тряхнуло. Гора помнит, где он пробовал.",Полость | Заряд
c6-17,Нерис из Прозревших,Люди,лекарь / дебаффер,Свет,эпическая,VI,рулетка,3,,"Лекарь из Прозревших, лечившая светом без платы там, где не помогали храмы. Ушла вниз со своими и не вернулась.",Свет без платы | Свои | Вниз
c6-18,Эвелина Ждущая,Люди,контроль,Вода,вневременная,VI,рулетка,3,,"Шестьдесят лет ждала у портала мужа, ушедшего вниз. Каждое утро ставила на площадке свечу и каждый вечер забирала.",Площадка | Свеча на день | Шестьдесят лет
c6-19,Сеймур,Люди,танк / физ ДД силы,Огонь,первородная,VI,Эхо: неделя людей,5,h12_1,"Вождь севера и лучший боец своего времени, растивший мальчика на престол. Мальчика звали Крог.",Вождь | Падать | Вызов | Второй топор | Имя на песке
c6-20,Гуннар Нижняя Палуба,Дворфы,танк,Земля,эпическая,VI,Эхо: неделя искажённых,5,h20_2,"Дворф из бригады, клепавшей машину под Эндалором. Когда город поднялся, остался внизу держать ворота против тварей из середины мира.",Бригада | Кто-то должен | Ворота | Вспышка | Палуба
c6-21,"Та, что уходит",Звери,физ ДД ловкости / дебаффер,Воздух,эпическая,VI,Эхо: неделя дворфов,5,h10_5,"Серая зверица из опасных земель у Кароксорра, пившая только дождевую воду. Сорок лет уходила от дворфских сетей, пока сама не решила прийти.",Запах сети | Ручей — нельзя | Ловчая | Нож | Сама
c6-22,Оссирь,Забытые,танк / лекарь,Вода,вневременная,VI,Эхо: неделя Забытых,5,h21_3,"Младший из двадцати стражей морских ворот города на скале. Сорок лет держал ворота, которые некому было открыть.",Морские ворота | Опустел | Держать | Чужой корабль | Гость
c6-23,Мартин Незваный,Люди,физ ДД ловкости,Воздух,первородная,VI,Эхо: неделя эльфов,5,,"Единственный человек, вошедший в Алаэль без приглашения и вышедший живым. Следопыты шли рядом с ним с первого шага — и он их видел.",Без свитка | Лес уводит | Он видел | Древо | Обратная дорога
c6-24,Ирмгард Пастырь Стай,Люди,контроль,Земля,первородная,VI,Эхо: неделя зверей,5,,"Пастушка первого поколения, сорок зим гнавшая волков от стада одной палкой. Говорили, что звери её слушались, потому что она их не боялась.",Палка | Сорок зим | Вожак | Стадо | Последний выгон
c6-25,Кристоф Говоривший с Огнём,Люди,маг ДД,Огонь,вневременная,VI,Эхо: неделя саганов,5,,"Маг Огня, услышавший, как пламя в горне ему ответило. С тех пор он не колдовал огнём, а договаривался с ним.",Горн | Ответ | Договор | Цена огня | Тёплый пепел
c6-26,Хродни Остановивший,Дворфы,физ ДД силы,Земля,первородная,VI,Эхо: неделя аппаратов,5,,"Дворф, остановивший плечом и молотом машину, сошедшую с рельсов виадука Стоун-Хейма над пустотой.",Виадук | Клеть в пустоту | Молот | Рельс | Ниша у виадука
c6-27,Годива Сжигающая,Люди,лекарь,Огонь,вневременная,VI,Эхо: неделя нежити,5,,"Маг Огня Коллегии, проводившая с края Эндалора больше мёртвых, чем кто-либо. Ездила на запад и в горы жечь тех, кого некому было сжечь.",Край города | Пепел по ветру | Чужие склепы | Последнее лекарство | Свой огонь
c6-28,Ада Шлифовальщица,Люди,лекарь,без стихии,редкая,VI,крафт,1,,"Шлифовала пустой карст для зарядки — матовый серо-белый камень, который ещё не светится. Говорила, что пустой камень честнее заряженного.",Пустой камень
c6-29,Ориол Лампадник,Люди,дебаффер,Огонь,уникальная,VI,крафт,3,,"Лампадник Эндалора, ставивший свет под лестницами и в нижних переходах, чтобы главное было подсвечено снизу, как в погребальных словах.",Свет снизу | Нижние переходы | Лампа над ступенью
c6-30,Ильд Строитель Станций,Забытые,танк,Земля,вневременная,VI,крафт,5,,"Строил станции на дороге, что вела к середине мира, и под каждой клал часы тех, кто её строил. Последнюю станцию достраивал один.",Дорога к середине | Станция | Часы под порогом | Сон у середины | Последняя станция
c6-31,Хальвард Первая Секира,Люди,физ ДД силы,Огонь,вневременная,VI,"донат: сет VI, 1-й",5,,"Лучший боец первого поколения, которого бог-путник учил сам: выходил и бил, пока не поймёшь. Потом на него посмотрел бог — и он выдержал не всё.",Первый противник | Двуручная секира | Страх | Взор | Отмеченный
c6-32,Бертольд Молот Заповедей,Люди,физ ДД силы,Вода,вневременная,VI,"донат: сет VI, 2-й",5,,"Из первых, кто слышал заповеди из уст бога; щит и молот держал так, как держал их учитель. Армонт выслушал его до конца — и посмотрел.",Десять слов | Щит и молот | Первое дело | Взор | Юродивый при храме
c6-33,Гисла Прыткая,Дворфы,физ ДД ловкости,Земля,вневременная,VI,"донат: сет VI, 3-й",5,,"Самая прыткая из первых дворфов: находила жилу раньше, чем другие брались за кирку. Уларион посмотрел на неё так, как смотрят на вопрос.",Первая жила | Прыть | Посох и вопрос | Взор | Пустая ниша
c6-34,Илиан Первая Тетива,Эльфы,физ ДД ловкости,Воздух,вневременная,VI,"донат: сет VI, 4-й",5,,"Эльф, которому лук вложил в руки сам Виал-путник. Лучший его ученик, пока бог не посмотрел на него.",Лук из рук бога | Молодой лес | Лучший ученик | Взор | Лес без него
c6-35,Ялен Отмеченный,Люди,маг ДД,Время,вневременная,VI,"донат: сет VI, 5-й",5,h18_1,"Лучший маг Времени своего поколения, когда школа ещё ничего не просила взамен. На него посмотрел бог — и он выдержал не всё.",Школа без платы | Лучший в поколении | Взор | Ты временный | Первый в описи
